ID,Name,Description,Contributor,Citation,Glottocode,Year,Source,Media_IDs,Type,Map_IDs,URL
lsi-v1-1-059,vol I map II,Map indicating the localities in which Austro-Asiatic and Pronominalised Himalayan Languages are spoken in India,,,,,grierson1903lsi;llmap,lsi-v1-1-059_tif lsi-v1-1-059_jpg lsi-v1-1-059_geojson,map,,https://dsal.uchicago.edu/books/lsi/lsi.php?volume=1-1&pages=550#page/059/mode/1up
lsi-v1-1-076,vol I map IV,Map indicating the localities in India in which Siamese-Chinese languages are spoken,,,,,grierson1903lsi;llmap,lsi-v1-1-076_tif lsi-v1-1-076_jpg lsi-v1-1-076_geojson,map,,https://dsal.uchicago.edu/books/lsi/lsi.php?volume=1-1&pages=550#page/076/mode/1up
lsi-v1-1-079,vol I map V,Map showing the approximate positions of the various Groups of the Tibeto-Burman Sub-Family,,,,,grierson1903lsi;llmap,lsi-v1-1-079_tif lsi-v1-1-079_jpg lsi-v1-1-079_geojson,map,,https://dsal.uchicago.edu/books/lsi/lsi.php?volume=1-1&pages=550#page/079/mode/1up
lsi-v1-1-108,vol I map VI,Map showing the distribution of the Dravidian Languages of India,,,,,grierson1903lsi;llmap,lsi-v1-1-108_tif lsi-v1-1-108_jpg lsi-v1-1-108_geojson,map,,https://dsal.uchicago.edu/books/lsi/lsi.php?volume=1-1&pages=550#page/108/mode/1up
lsi-v1-1-138,vol I map VIII,India,,,,,grierson1903lsi;llmap,lsi-v1-1-138_tif lsi-v1-1-138_jpg lsi-v1-1-138_geojson,map,,https://dsal.uchicago.edu/books/lsi/lsi.php?volume=1-1&pages=550#page/138/mode/1up
lsi-v1-1-149,vol I map IX,The Indo-Aryan Languages,,,,,grierson1903lsi;llmap,lsi-v1-1-149_tif lsi-v1-1-149_jpg lsi-v1-1-149_geojson,map,,https://dsal.uchicago.edu/books/lsi/lsi.php?volume=1-1&pages=550#page/149/mode/1up
lsi-v2-015,vol II map I,Map SHOWING THE AREA IN WHICH THE KHASSI LANGUAGE AND ITS DIALECTS ARE SPOKEN,,,,,grierson1903lsi,lsi-v2-015_tif lsi-v2-015_jpg lsi-v2-015_geojson,map,,https://dsal.uchicago.edu/books/lsi/lsi.php?volume=2&pages=245#page/015/mode/1up
lsi-v2-070,vol II map II,Map SHOWING THE LOCALITIES IN WHICH THE TAI LANGUAGES OF BRITISH INDIA ARE SPOKEN,,,,,grierson1903lsi;llmap,lsi-v2-070_tif lsi-v2-070_jpg lsi-v2-070_geojson,map,,https://dsal.uchicago.edu/books/lsi/lsi.php?volume=2&pages=245#page/070/mode/1up
lsi-v3-2-010,vol III part II map (i),Map of the LANGUAGES & DIALECTS OF THE BARA OR BODO GROUP OF THE TIBETO-BURMAN FAMILY,,,,,grierson1903lsi;llmap,lsi-v3-2-010_tif lsi-v3-2-010_jpg lsi-v3-2-010_geojson,map,,https://dsal.uchicago.edu/books/lsi/lsi.php?volume=3-2&pages=540#page/010/mode/1up
lsi-v3-2-203,vol III part II map (ii),Map of the LANGUAGES AND DIALECTS OF THE NAGA GROUP OF THE TIBETO-BURMAN FAMILY,,,,,grierson1903lsi;llmap,lsi-v3-2-203_tif lsi-v3-2-203_jpg lsi-v3-2-203_geojson,map,,https://dsal.uchicago.edu/books/lsi/lsi.php?volume=3-2&pages=540#page/203/mode/1up
lsi-v3-2-510,vol III part II map (iii),Map of the DIALECTS OF THE KACHIN GROUP OF THE TIBETO-BURMAN FAMILY,,,,,grierson1903lsi;llmap,lsi-v3-2-510_tif lsi-v3-2-510_jpg lsi-v3-2-510_geojson,map,,https://dsal.uchicago.edu/books/lsi/lsi.php?volume=3-2&pages=540#page/510/mode/1up
lsi-v4-025,vol IV map I,Map of the DIALECTS OF THE MUNDA FAMILY,,,,,grierson1903lsi;llmap,lsi-v4-025_tif lsi-v4-025_jpg lsi-v4-025_geojson,map,,https://dsal.uchicago.edu/books/lsi/lsi.php?volume=4&pages=701#page/025/mode/1up
lsi-v5-1-024,vol V part I map II,MAP Illustrating the dialects and Sub-dialects of the Bengali language,,,,,grierson1903lsi;llmap,lsi-v5-1-024_tif lsi-v5-1-024_jpg lsi-v5-1-024_geojson,map,,https://dsal.uchicago.edu/books/lsi/lsi.php?volume=5-1&pages=463#page/024/mode/1up
lsi-v5-1-083,vol V part I map III,DISTRICT SONTHAL PARGANAS SHOWING THE DISTRIBUTION OF THE ARYAN LANGUAGES OF THE DISTRICT,,,,,grierson1903lsi;llmap,lsi-v5-1-083_tif lsi-v5-1-083_jpg lsi-v5-1-083_geojson,map,,https://dsal.uchicago.edu/books/lsi/lsi.php?volume=5-1&pages=463#page/083/mode/1up
lsi-v5-1-409,vol V part I map V,MAP showing the area in which the Assamese language and its dialects are spoken,,,,,grierson1903lsi;llmap,lsi-v5-1-409_tif lsi-v5-1-409_jpg lsi-v5-1-409_geojson,map,,https://dsal.uchicago.edu/books/lsi/lsi.php?volume=5-1&pages=463#page/409/mode/1up
lsi-v5-2-014,vol V part II map I,MAP Illustrating the Dialects and Sub-dialects of the Bihari language,,,,,grierson1903lsi;llmap,lsi-v5-2-014_tif lsi-v5-2-014_jpg lsi-v5-2-014_geojson,map,,https://dsal.uchicago.edu/books/lsi/lsi.php?volume=5-2&pages=466#page/014/mode/1up
lsi-v5-2-109,vol V part II map II,DISTRICT SONTHAL PARGANAS SHOWING THE DISTRIBUTION OF THE ARYAN LANGUAGES OF THE DISTRICT,,,,,grierson1903lsi;llmap,lsi-v5-2-109_tif lsi-v5-2-109_jpg lsi-v5-2-109_geojson,map,,https://dsal.uchicago.edu/books/lsi/lsi.php?volume=5-2&pages=466#page/109/mode/1up
lsi-v6-003,vol VI map I,DIALECTS & SUB DIALECTS OF THE EASTERN HINDI LANGUAGE,,,,,grierson1903lsi;llmap,lsi-v6-003_tif lsi-v6-003_jpg lsi-v6-003_geojson,map,,https://dsal.uchicago.edu/books/lsi/lsi.php?volume=6&pages=286#page/003/mode/1up
lsi-v7-015,vol VII map I,Map ILLUSTRATING THE DIALECTS OF MARATHI,,,,,grierson1903lsi;llmap,lsi-v7-015_tif lsi-v7-015_jpg lsi-v7-015_geojson,map,,https://dsal.uchicago.edu/books/lsi/lsi.php?volume=7&pages=424#page/015/mode/1up
lsi-v8-1-019,vol VIII part I map I,MAP ILLUSTRATING THE AREA IN WHICH THE SINDHI LANGUAGE IS SPOKEN,,,,,grierson1903lsi;llmap,lsi-v8-1-019_tif lsi-v8-1-019_jpg lsi-v8-1-019_geojson,map,,https://dsal.uchicago.edu/books/lsi/lsi.php?volume=8-1&pages=600#page/019/mode/1up
lsi-v8-1-248,vol VIII part I map II,MAP ILLUSTTRATING THE DIALECTS AND SUB-DIALECTS OF LAHNDA OR WESTERN PANJABI LANGUAGE.,,,,,grierson1903lsi;llmap,lsi-v8-1-248_tif lsi-v8-1-248_jpg lsi-v8-1-248_geojson,map,,https://dsal.uchicago.edu/books/lsi/lsi.php?volume=8-1&pages=600#page/248/mode/1up
lsi-v8-2-015,vol VIII part II map I,MAP ILLUSTRATING THE AREA IN WHICH THE LANGUAGES OF THE DARDIC SUB-FAMILY ARE SPOKEN,,,,,grierson1903lsi,lsi-v8-2-015_tif lsi-v8-2-015_jpg lsi-v8-2-015_geojson,map,,https://dsal.uchicago.edu/books/lsi/lsi.php?volume=8-2&pages=584#page/015/mode/1up
lsi-v8-2-248,vol VIII part II map II,MAP OF THE AREA IN WHICH THE KASHMIRI LANGUAGE IS SPOKEN,,,,,grierson1903lsi;llmap,lsi-v8-2-248_tif lsi-v8-2-248_jpg lsi-v8-2-248_geojson,map,,https://dsal.uchicago.edu/books/lsi/lsi.php?volume=8-2&pages=584#page/248/mode/1up
lsi-v9-1-018,vol IX part I map I,Map ILLUSTTRATING THE DIALECTS AND SUB-DIALECTS OF THE WESTERN HINDI LANGUAGE.,,,,,grierson1903lsi;llmap,lsi-v9-1-018_tif lsi-v9-1-018_jpg lsi-v9-1-018_geojson,map,,https://dsal.uchicago.edu/books/lsi/lsi.php?volume=9-1&pages=843#page/018/mode/1up
lsi-v9-1-625,vol IX part I map II,Map illustrating the DIALECTS & SUB-DIALECTS OF THE PUNJABI ANGUAGE.,,,,,grierson1903lsi;llmap,lsi-v9-1-625_tif lsi-v9-1-625_jpg lsi-v9-1-625_geojson,map,,https://dsal.uchicago.edu/books/lsi/lsi.php?volume=9-1&pages=843#page/625/mode/1up
lsi-v9-2-015,vol IX part II map I,Map ILLUSTRATING THE LOCALITIES IN WHICH THE DIALECTS OF THE RAJASTHANI LANGUAGE ARE SPOKEN,,,,,grierson1903lsi;llmap,lsi-v9-2-015_tif lsi-v9-2-015_jpg lsi-v9-2-015_geojson,map,,https://dsal.uchicago.edu/books/lsi/lsi.php?volume=9-2&pages=494#page/015/mode/1up
lsi-v9-3-013,vol IX part III map I,Map ILLUSTRATING THE DISRIBUTION OF THE BHIL DIALECTS AND OF KHANDESI,,,,,grierson1903lsi;llmap,lsi-v9-3-013_tif lsi-v9-3-013_jpg lsi-v9-3-013_geojson,map,,https://dsal.uchicago.edu/books/lsi/lsi.php?volume=9-3&pages=338#page/013/mode/1up
lsi-v9-4-115,vol IX part IV map I,Map Illustrating the CENTRAL PAHARI LANGUAGES AND DIALECTS.,,,,,grierson1903lsi;llmap,lsi-v9-4-115_tif lsi-v9-4-115_jpg lsi-v9-4-115_geojson,map,,https://dsal.uchicago.edu/books/lsi/lsi.php?volume=9-4&pages=998#page/115/mode/1up
lsi-v9-4-388,vol IX part IV map II,Map Illustrating the WESTERN PAHARI LANGUAGES AND DIALECTS.,,,,,grierson1903lsi;llmap,lsi-v9-4-388_tif lsi-v9-4-388_jpg lsi-v9-4-388_geojson,map,,https://dsal.uchicago.edu/books/lsi/lsi.php?volume=9-4&pages=998#page/388/mode/1up
lsi-v10-020,vol X map I,MAP ILLUSTRATING THE DISTRIBUTION OF THE PASHTO AND ORMURI LANGUAGES.,,,,,grierson1903lsi;llmap,lsi-v10-020_tif lsi-v10-020_jpg lsi-v10-020_geojson,map,,https://dsal.uchicago.edu/books/lsi/lsi.php?volume=10&pages=567#page/020/mode/1up
lsi-v10-472,vol X map III,MAP ILLUSTRATING THE LOCALITIES IN WHICH THE GHALCHAH LANGUAGES ARE SPOKEN,,,,,grierson1903lsi;llmap,lsi-v10-472_tif lsi-v10-472_jpg lsi-v10-472_geojson,map,,https://dsal.uchicago.edu/books/lsi/lsi.php?volume=10&pages=567#page/472/mode/1up
1,Bhojpuri,,,,bhoj1244,1903,grierson1903lsi;llmap,features,feature,lsi-v5-2-014,
2,Northern Standard Bhojpuri,,,,nort2656,1903,grierson1903lsi;llmap,features,feature,lsi-v5-2-014,
3,Western Standard Bhojpuri,,,,west2379,1903,grierson1903lsi;llmap,features,feature,lsi-v5-2-014,
4,Southern Standard Bhojpuri,,,,sout2661,1903,grierson1903lsi;llmap,features,feature,lsi-v5-2-014,
5,Maithili,,,,mait1250,1903,grierson1903lsi;llmap,features,feature,lsi-v5-2-014,
6,Magahi,,,,maga1260,1903,grierson1903lsi;llmap,features,feature,lsi-v5-2-014,
7,Garhwali,,,,garh1243,1903,grierson1903lsi;llmap,features,feature,lsi-v9-4-115,
8,Majh-Kumaiya,,,,majh1251,1903,grierson1903lsi;llmap,features,feature,lsi-v9-4-115,
9,Badhani,,,,badh1238,1903,grierson1903lsi;llmap,features,feature,lsi-v9-4-115,
10,Dasauiya,,,,dess1238,1903,grierson1903lsi;llmap,features,feature,lsi-v9-4-115,
11,Nagpurija,,,,nagp1247,1903,grierson1903lsi;llmap,features,feature,lsi-v9-4-115,
12,Lohbya,,,,lohb1238,1903,grierson1903lsi;llmap,features,feature,lsi-v9-4-115,
13,Salani,,,,sala1263,1903,grierson1903lsi;llmap,features,feature,lsi-v9-4-115,
14,Srinagariya,,,,srin1238,1903,grierson1903lsi;llmap,features,feature,lsi-v9-4-115,
15,Tehri,,,,tehr1243,1903,grierson1903lsi;llmap,features,feature,lsi-v9-4-115,
16,Rathi,,,,rath1241,1903,grierson1903lsi;llmap,features,feature,lsi-v9-4-115,
17,Kumauni,,,,kuma1273,1903,grierson1903lsi;llmap,features,feature,lsi-v9-4-115,
18,Bengali (Western Dialect),,,,beng1280,1903,grierson1903lsi;llmap,features,feature,lsi-v5-2-109,
19,Mal-Paharia,,,,malp1246,1903,grierson1903lsi;llmap,features,feature,lsi-v5-2-109,
20,Bihari,,,,bhoj1244,1903,grierson1903lsi;llmap,features,feature,lsi-v5-2-109 lsi-v1-1-149,
21,Kanauji,,,,kana1281,1903,grierson1903lsi;llmap,features,feature,lsi-v9-1-018,
22,Braj Bhakha,,,,braj1242,1903,grierson1903lsi;llmap,features,feature,lsi-v9-1-018,
23,Bangaru,,,,hary1238,1903,grierson1903lsi;llmap,features,feature,lsi-v9-1-018,
24,Vernacular Hindostani,,,,hind1269,1903,grierson1903lsi;llmap,features,feature,lsi-v9-1-018,
25,Bundeli,,,,bund1253,1903,grierson1903lsi;llmap,features,feature,lsi-v9-1-018,
26,"Varhadi, Nagpuri, Desi, Konkan Standard",,,,mode1268,1903,grierson1903lsi;llmap,features,feature,lsi-v7-015,
27,Halbi,,,,halb1244,1903,grierson1903lsi;llmap,features,feature,lsi-v7-015,
28,Kashmiri,,,,kash1277,1903,grierson1903lsi;llmap,features,feature,lsi-v8-2-248 lsi-v8-2-015,
29,Kashtawari,,,,kish1245,1903,grierson1903lsi;llmap,features,feature,lsi-v8-2-248,
30,Poguli,,,,pogu1238,1903,grierson1903lsi;llmap,features,feature,lsi-v8-2-248,
31,North Assam Branch,,,,,1903,grierson1903lsi;llmap,features,feature,lsi-v1-1-079,
32,Lolo Group,,,,lolo1267,1903,grierson1903lsi;llmap,features,feature,lsi-v1-1-079,
33,Burma Group,,,,nucl1310,1903,grierson1903lsi;llmap,features,feature,lsi-v1-1-079,
34,East Tibetan,,,,east2771,1903,grierson1903lsi;llmap,features,feature,lsi-v1-1-079,
35,Naga Group,,,,aoic1235,1903,grierson1903lsi;llmap,features,feature,lsi-v1-1-079,
36,Kuki-Chin Group,,,,kuki1246,1903,grierson1903lsi;llmap,features,feature,lsi-v1-1-079,
37,Bara Group,,,,boro1284,1903,grierson1903lsi;llmap,features,feature,lsi-v1-1-079,
38,Kachin Group,,,,kach1280,1903,grierson1903lsi;llmap,features,feature,lsi-v1-1-079,
39,Himalayan Group,,,,hima1249,1903,grierson1903lsi;llmap,features,feature,lsi-v1-1-079,
40,Central Tibetan,,,,cent2346,1903,grierson1903lsi;llmap,features,feature,lsi-v1-1-079,
41,West Tibetan,,,,laha1255,1903,grierson1903lsi;llmap,features,feature,lsi-v1-1-079,
42,Kachin (fringe area),,,,kach1280,1903,grierson1903lsi;llmap,features,feature,lsi-v3-2-510,
43,Kachin,,,,kach1280,1903,grierson1903lsi;llmap,features,feature,lsi-v3-2-510,
44,Khamti,,,,kham1290,1903,grierson1903lsi;llmap,features,feature,lsi-v3-2-510 lsi-v2-070 lsi-v1-1-076,
45,Khas-Kura,,,,east1436,1903,grierson1903lsi;llmap,features,feature,lsi-v1-1-149,
46,Rajasthani,,,,raja1256,1903,grierson1903lsi;llmap,features,feature,lsi-v1-1-149,
47,Panjabi,,,,panj1256,1903,grierson1903lsi;llmap,features,feature,lsi-v1-1-149,
48,Central Pahari,,,,cent1977,1903,grierson1903lsi;llmap,features,feature,lsi-v1-1-149,
49,Western Pahari,,,,cent1977,1903,grierson1903lsi;llmap,features,feature,lsi-v1-1-149,
50,Western Hindi,,,,west2812,1903,grierson1903lsi;llmap,features,feature,lsi-v1-1-149,
51,Bhili,,,,bhil1251,1903,grierson1903lsi;llmap,features,feature,lsi-v1-1-149,
52,Gujarati,,,,guja1252,1903,grierson1903lsi;llmap,features,feature,lsi-v1-1-149,
53,Eastern Hindi,,,,east2726,1903,grierson1903lsi;llmap,features,feature,lsi-v1-1-149,
54,Bengali,,,,beng1280,1903,grierson1903lsi;llmap,features,feature,lsi-v1-1-149,
55,Assamese,,,,assa1263,1903,grierson1903lsi;llmap,features,feature,lsi-v1-1-149,
56,Oriya,,,,oriy1255,1903,grierson1903lsi;llmap,features,feature,lsi-v1-1-149,
57,Marathi,,,,mara1378,1903,grierson1903lsi;llmap,features,feature,lsi-v1-1-149,
58,Lahnda,,,,west2386,1903,grierson1903lsi;llmap,features,feature,lsi-v1-1-149,
59,Sindhi,,,,sind1272,1903,grierson1903lsi;llmap,features,feature,lsi-v1-1-149,
60,Standard Marwari,,,,marw1260,1903,grierson1903lsi;llmap,features,feature,lsi-v9-2-015,
61,Godwari,,,,godw1241,1903,grierson1903lsi;llmap,features,feature,lsi-v9-2-015,
62,Mewari,,,,mewa1249,1903,grierson1903lsi;llmap,features,feature,lsi-v9-2-015,
63,Malvi,,,,malv1243,1903,grierson1903lsi;llmap,features,feature,lsi-v9-2-015,
64,Nimari,,,,nima1243,1903,grierson1903lsi;llmap,features,feature,lsi-v9-2-015,
65,Dhatki,,,,dhat1238,1903,grierson1903lsi;llmap,features,feature,lsi-v9-2-015,
66,Mewati,,,,mewa1250,1903,grierson1903lsi;llmap,features,feature,lsi-v9-2-015,
67,"Bikaneri, Thali, Marwari",,,,marw1260,1903,grierson1903lsi;llmap,features,feature,lsi-v9-2-015,
68,Shekawati,,,,shek1243,1903,grierson1903lsi;llmap,features,feature,lsi-v9-2-015,
69,Harauti,,,,hado1235,1903,grierson1903lsi;llmap,features,feature,lsi-v9-2-015,
70,"Standard Jaipuri, Rjawati, etc.",,,,dhun1238,1903,grierson1903lsi;llmap,features,feature,lsi-v9-2-015,
71,North-Eastern Dialect,,,,paha1251,1903,grierson1903lsi;llmap,features,feature,lsi-v8-1-248,
72,Pothwari,,,,poth1238,1903,grierson1903lsi;llmap,features,feature,lsi-v8-1-248,
73,Pahari,,,,paha1252,1903,grierson1903lsi;llmap,features,feature,lsi-v8-1-248,
74,Puncchi,,,,punc1240,1903,grierson1903lsi;llmap,features,feature,lsi-v8-1-248,
75,Chhibhali,,,,chib1247,1903,grierson1903lsi;llmap,features,feature,lsi-v8-1-248,
76,North-Western Dialect,,,,sout2668,1903,grierson1903lsi;llmap,features,feature,lsi-v8-1-248,
77,Awankari,,,,avan1234,1903,grierson1903lsi;llmap,features,feature,lsi-v8-1-248,
78,Ghebi,,,,gheb1234,1903,grierson1903lsi;llmap,features,feature,lsi-v8-1-248,
79,North-Western Dialect,,,,nort2662,1903,grierson1903lsi;llmap,features,feature,lsi-v8-1-248,
80,Southern Dialect,,,,sera1259,1903,grierson1903lsi;llmap,features,feature,lsi-v8-1-248,
81,Thali,,,,thal1241,1903,grierson1903lsi;llmap,features,feature,lsi-v8-1-248,
82,Multani,,,,mult1243,1903,grierson1903lsi;llmap,features,feature,lsi-v8-1-248,
83,Bahawalpuri,,,,baha1254,1903,grierson1903lsi;llmap,features,feature,lsi-v8-1-248,
84,Juang,,,,juan1238,1903,grierson1903lsi;llmap,features,feature,lsi-v4-025,
85,Kharia,,,,khar1287,1903,grierson1903lsi;llmap,features,feature,lsi-v4-025 lsi-v1-1-059,
86,Kurku,,,,kork1243,1903,grierson1903lsi;llmap,features,feature,lsi-v4-025,
87,Savara,,,,sora1254,1903,grierson1903lsi;llmap,features,feature,lsi-v4-025,
88,Mundari,,,,mund1320,1903,grierson1903lsi;llmap,features,feature,lsi-v4-025,
89,Korwa,,,,korw1242,1903,grierson1903lsi;llmap,features,feature,lsi-v4-025,
90,Brijia,,,,brij1240,1903,grierson1903lsi;llmap,features,feature,lsi-v4-025,
91,Karmali,,,,karm1240,1903,grierson1903lsi;llmap,features,feature,lsi-v4-025,
92,Santali,,,,sant1410,1903,grierson1903lsi;llmap,features,feature,lsi-v4-025,
93,Birhar,,,,birh1242,1903,grierson1903lsi;llmap,features,feature,lsi-v4-025,
94,Kachchhi,,,,kach1277,1903,grierson1903lsi;llmap,features,feature,lsi-v8-1-019,
95,Lari,,,,vicc1238,1903,grierson1903lsi;llmap,features,feature,lsi-v8-1-019,
96,Vicholi,,,,,1903,grierson1903lsi;llmap,features,feature,lsi-v8-1-019,
97,Tharili,,,,thar1281,1903,grierson1903lsi;llmap,features,feature,lsi-v8-1-019,
98,Lasi,,,,lasi1242,1903,grierson1903lsi;llmap,features,feature,lsi-v8-1-019,
99,Siraiki,,,,sera1259,1903,grierson1903lsi;llmap,features,feature,lsi-v8-1-019,
100,Jaunsari,,,,jaun1243,1903,grierson1903lsi;llmap,features,feature,lsi-v9-4-388,
101,Sirmauri,,,,sirm1239,1903,grierson1903lsi;llmap,features,feature,lsi-v9-4-388,
102,Baghati,,,,bagh1249,1903,grierson1903lsi;llmap,features,feature,lsi-v9-4-388,
103,Kiuthali,,,,kiun1241,1903,grierson1903lsi;llmap,features,feature,lsi-v9-4-388,
104,Kului Group,,,,kull1236,1903,grierson1903lsi;llmap,features,feature,lsi-v9-4-388,
105, Inner Siraji,,,,inne1243,1903,grierson1903lsi;llmap,features,feature,lsi-v9-4-388,
106,Kullui,,,,kllu1238,1903,grierson1903lsi;llmap,features,feature,lsi-v9-4-388,
107,Mandeali,,,,mand1409,1903,grierson1903lsi;llmap,features,feature,lsi-v9-4-388,
108, Satlaj Group,,,,uppe1403,1903,grierson1903lsi;llmap,features,feature,lsi-v9-4-388,
109,Gadi,,,,gadd1242,1903,grierson1903lsi;llmap,features,feature,lsi-v9-4-388,
110,Chameali,,,,cham1307,1903,grierson1903lsi;llmap,features,feature,lsi-v9-4-388,
111,Churahi,,,,chur1258,1903,grierson1903lsi;llmap,features,feature,lsi-v9-4-388,
112,Pangwali,,,,pang1282,1903,grierson1903lsi;llmap,features,feature,lsi-v9-4-388,
113,Bhadrawahi,,,,bhad1241,1903,grierson1903lsi;llmap,features,feature,lsi-v9-4-388,
114,Padari,,,,pada1256,1903,grierson1903lsi;llmap,features,feature,lsi-v9-4-388,
115,Chutiya,,,,deor1238,1903,grierson1903lsi;llmap,features,feature,lsi-v3-2-010,
116,Dimasa,,,,dima1251,1903,grierson1903lsi;llmap,features,feature,lsi-v3-2-010,
117,Bara,,,,bodo1269,1903,grierson1903lsi;llmap,features,feature,lsi-v3-2-010,
118,Garo,,,,garo1247,1903,grierson1903lsi;llmap,features,feature,lsi-v3-2-010,
119,Rabha,,,,rabh1238,1903,grierson1903lsi;llmap,features,feature,lsi-v3-2-010,
120,Lalung,,,,tiwa1253,1903,grierson1903lsi;llmap,features,feature,lsi-v3-2-010 lsi-v3-2-203,
121,Hoja,,,,dima1251,1903,grierson1903lsi;llmap,features,feature,lsi-v3-2-010,
122,Achik Garo,,,,achi1255,1903,grierson1903lsi;llmap,features,feature,lsi-v3-2-010,
123,Tipura,,,,kokb1239,1903,grierson1903lsi;llmap,features,feature,lsi-v3-2-010,
124,Bara & Rabha,,,,bodo1279,1903,grierson1903lsi;llmap,features,feature,lsi-v3-2-010,
125,Mech or Bara,,,,bodo1269,1903,grierson1903lsi;llmap,features,feature,lsi-v3-2-010,
126,Abeng Garo,,,,aben1248,1903,grierson1903lsi;llmap,features,feature,lsi-v3-2-010,
127,Mech,,,,mech1238,1903,grierson1903lsi;llmap,features,feature,lsi-v3-2-010,
128,Mech & Garo,,,,bodo1279,1903,grierson1903lsi;llmap,features,feature,lsi-v3-2-010,
129,Southern Shan,,,,shan1277,1903,grierson1903lsi;llmap,features,feature,lsi-v2-070,
130,Northwestern Shan,,,,shan1277,1903,grierson1903lsi;llmap,features,feature,lsi-v2-070,
131,Northern Shan,,,,shan1277,1903,grierson1903lsi;llmap,features,feature,lsi-v2-070,
132,Phakas,,,,phak1238,1903,grierson1903lsi;llmap,features,feature,lsi-v1-1-076,
133,Aiton,,,,aito1238,1903,grierson1903lsi;llmap,features,feature,lsi-v1-1-076,
134,"Northern Shan, Southern Shan and Lü & Khün",,,,shan1276,1903,grierson1903lsi;llmap,features,feature,lsi-v1-1-076,
135,Karen,,,,kare1337,1903,grierson1903lsi;llmap,features,feature,lsi-v1-1-076,
136,Tamil,,,,tami1289,1903,grierson1903lsi;llmap,features,feature,lsi-v1-1-108,
137,Kanarese,,,,nucl1305,1903,grierson1903lsi;llmap,features,feature,lsi-v1-1-108,
138,Toda-Kota,,,,tami1292,1903,grierson1903lsi;llmap,features,feature,lsi-v1-1-108,
139,Tulu,,,,tulu1258,1903,grierson1903lsi;llmap,features,feature,lsi-v1-1-108,
140,Malayalam,,,,mala1464,1903,grierson1903lsi;llmap,features,feature,lsi-v1-1-108,
141,Maito,,,,saur1249,1903,grierson1903lsi;llmap,features,feature,lsi-v1-1-108,
142,Kui,,,,kuii1252,1903,grierson1903lsi;llmap,features,feature,lsi-v1-1-108,
143,Kurukh,,,,kuru1301,1903,grierson1903lsi;llmap,features,feature,lsi-v1-1-108,
144,Gondi,,,,nort2702,1903,grierson1903lsi;llmap,features,feature,lsi-v1-1-108,
145,Kolami,,,,nort2699,1903,grierson1903lsi;llmap,features,feature,lsi-v1-1-108,
146,Brahui,,,,brah1256,1903,grierson1903lsi;llmap,features,feature,lsi-v1-1-108,
147,Telugu,,,,telu1262,1903,grierson1903lsi;llmap,features,feature,lsi-v1-1-108,
148,"Sema, Thukumi & Yachumi",,,,anga1312,1903,grierson1903lsi;llmap,features,feature,lsi-v3-2-203,
149,Kezhama,,,,khez1235,1903,grierson1903lsi;llmap,features,feature,lsi-v3-2-203,
150,Maring,,,,mari1416,1903,grierson1903lsi;llmap,features,feature,lsi-v3-2-203,
151,Chakrima Angami,,,,chak1268,1903,grierson1903lsi;llmap,features,feature,lsi-v3-2-203,
152,Mongsen & Chungli Ao,,,,aona1235,1903,grierson1903lsi;llmap,features,feature,lsi-v3-2-203,
153,Lhota,,,,loth1237,1903,grierson1903lsi;llmap,features,feature,lsi-v3-2-203,
154,Rengma,,,,sout2732,1903,grierson1903lsi;llmap,features,feature,lsi-v3-2-203,
155,Sopvoma,,,,maon1238,1903,grierson1903lsi;llmap,features,feature,lsi-v3-2-203,
156,Tengima Angami,,,,teng1262,1903,grierson1903lsi;llmap,features,feature,lsi-v3-2-203,
157,Maram,,,,mara1379,1903,grierson1903lsi;llmap,features,feature,lsi-v3-2-203,
158,Kabui,,,,rong1266,1903,grierson1903lsi;llmap,features,feature,lsi-v3-2-203,
159,Engkhang Mikir,,,,karb1241,1903,grierson1903lsi;llmap,features,feature,lsi-v3-2-203,
160,Empeo & Kuki,,,,zeme1240,1903,grierson1903lsi;llmap,features,feature,lsi-v3-2-203,
161,Mikir,,,,karb1241,1903,grierson1903lsi;llmap,features,feature,lsi-v3-2-203,
162,Amri Mikir,,,,amri1238,1903,grierson1903lsi;llmap,features,feature,lsi-v3-2-203,
163,Sarikoli,,,,sari1246,1903,grierson1903lsi;llmap,features,feature,lsi-v10-472,
164,Wakhi,,,,wakh1245,1903,grierson1903lsi;llmap,features,feature,lsi-v10-472,
165,Munjani,,,,munj1244,1903,grierson1903lsi;llmap,features,feature,lsi-v10-472,
166,Ishkashmi,,,,ishk1246,1903,grierson1903lsi;llmap,features,feature,lsi-v10-472,
167,Shighni,,,,shug1248,1903,grierson1903lsi;llmap,features,feature,lsi-v10-472,
168,Ormuri,,,,ormu1247,1903,grierson1903lsi;llmap,features,feature,lsi-v10-020,
169,Pakhto,,,,nort2646,1903,grierson1903lsi;llmap,features,feature,lsi-v10-020,
170,Pashto,,,,nucl1276,1903,grierson1903lsi;llmap,features,feature,lsi-v10-020,
171,Eastern,,,,beng1280,1903,grierson1903lsi;llmap,features,feature,lsi-v5-1-024,
172,Chakma,,,,chak1266,1903,grierson1903lsi;llmap,features,feature,lsi-v5-1-024,
173,Southeastern,,,,beng1280,1903,grierson1903lsi;llmap,features,feature,lsi-v5-1-024,
174,Northern Central,,,,beng1280,1903,grierson1903lsi;llmap,features,feature,lsi-v5-1-024,
175,Western,,,,beng1280,1903,grierson1903lsi;llmap,features,feature,lsi-v5-1-024,
176,Southwestern,,,,beng1280,1903,grierson1903lsi;llmap,features,feature,lsi-v5-1-024,
177,Rajbangsi,,,,beng1280,1903,grierson1903lsi;llmap,features,feature,lsi-v5-1-024,
178,East Central,,,,beng1280,1903,grierson1903lsi;llmap,features,feature,lsi-v5-1-024,
179,Dogri,,,,dogr1250,1903,grierson1903lsi;llmap,features,feature,lsi-v9-1-625,
180,Kangri,,,,kang1280,1903,grierson1903lsi;llmap,features,feature,lsi-v9-1-625,
181,Panbjabi,,,,panj1256,1903,grierson1903lsi;llmap,features,feature,lsi-v9-1-625,
182,Majhi,,,,majh1252,1903,grierson1903lsi;llmap,features,feature,lsi-v9-1-625,
183,Doabi,,,,doab1238,1903,grierson1903lsi;llmap,features,feature,lsi-v9-1-625,
184,Malwai,,,,malw1235,1903,grierson1903lsi;llmap,features,feature,lsi-v9-1-625,
185,Powadhi,,,,powa1244,1903,grierson1903lsi;llmap,features,feature,lsi-v9-1-625,
186,Rathi,,,,bath1239,1903,grierson1903lsi;llmap,features,feature,lsi-v9-1-625,
187,Bhattiani,,,,bhat1264,1903,grierson1903lsi;llmap,features,feature,lsi-v9-1-625,
188,Where Dardic influence is still prominent,,,,,1903,grierson1903lsi;llmap,features,feature,lsi-v1-1-138,
189,Where Dardic languages are now spoken (at time of map creation),,,,,1903,grierson1903lsi;llmap,features,feature,lsi-v1-1-138,
190,Mon,,,,monn1252,1903,grierson1903lsi;llmap,features,feature,lsi-v1-1-059,
191,Khasi,,,,khas1269,1903,grierson1903lsi;llmap,features,feature,lsi-v1-1-059,
192,Munda,,,,mund1320,1903,grierson1903lsi;llmap,features,feature,lsi-v1-1-059,
193,Rangkas,,,,rang1266,1903,grierson1903lsi;llmap,features,feature,lsi-v1-1-059,
194,Awadhi,,,,awad1243,1903,grierson1903lsi;llmap,features,feature,lsi-v6-003,
195,Bagheli,,,,bagh1251,1903,grierson1903lsi;llmap,features,feature,lsi-v6-003,
196,Tirhari,,,,tirh1246,1903,grierson1903lsi;llmap,features,feature,lsi-v6-003,
197,Gahora,,,,gaho1238,1903,grierson1903lsi;llmap,features,feature,lsi-v6-003,
198,Chattisgarhi,,,,chha1249,1903,grierson1903lsi;llmap,features,feature,lsi-v6-003,
199,Surgujia,,,,surg1246,1903,grierson1903lsi;llmap,features,feature,lsi-v6-003,
200,Standard Assamese,,,,stan1302,1903,grierson1903lsi;llmap,features,feature,lsi-v5-1-409,
201,Western,,,,west2383,1903,grierson1903lsi;llmap,features,feature,lsi-v5-1-409,
202,Bhil,,,,bhil1254,1903,grierson1903lsi;llmap,features,feature,lsi-v9-3-013,
203,Khandesi,,,,khan1272,1903,grierson1903lsi;llmap,features,feature,lsi-v9-3-013,
204,Nimadi,,,,nima1243,1903,grierson1903lsi;llmap,features,feature,lsi-v9-3-013,
205,Khassi,,,,khas1269,1903,grierson1903lsi;llmap,features,feature,lsi-v2-015,
206,Kho-War,,,,khow1242,1903,grierson1903lsi;llmap,features,feature,lsi-v8-2-015,
207,Shina,,,,shin1264,1903,grierson1903lsi;llmap,features,feature,lsi-v8-2-015,
208,Kohistani,,,,dirs1236,1903,grierson1903lsi;llmap,features,feature,lsi-v8-2-015,
